image_url,user_id
http://elijah.biz,1
https://shanon.org,1
http://vicky.biz,1
http://oleta.net,1
https://jennings.biz,1
https://quinn.biz,2
https://selina.name,2
http://malvina.org,2
https://branson.biz,2
https://elenor.name,3
https://marcelino.com,3
http://felicity.name,3
https://fred.com,3
https://gerhard.biz,4
https://sherwood.net,4
https://maudie.org,4
http://annamae.name,6
https://mac.org,6
http://miracle.info,6
http://emmet.com,6
https://lisa.com,6
https://brooklyn.name,8
http://madison.net,8
http://annie.name,8
http://darron.info,8
http://saige.com,9
https://reece.net,9
http://vance.org,9
http://ignacio.net,9
http://kenny.com,10
http://remington.name,10
http://kurtis.info,10
https://alisha.com,11
https://henderson.com,11
http://bonnie.info,11
http://kennith.net,11
http://camille.name,11
http://alena.net,12
http://ralph.name,12
https://tyshawn.com,12
https://adella.net,12
https://cielo.info,13
https://easter.net,13
http://golden.org,13
http://kendall.biz,13
https://glenda.info,13
http://dominic.biz,15
http://tressie.info,15
http://estevan.org,15
http://zena.com,15
https://abagail.com,16
https://hershel.com,16
http://collin.com,16
https://clair.com,16
https://deondre.com,17
http://tristin.name,17
http://kirk.org,17
https://modesta.info,18
http://rylan.biz,19
https://noemie.com,19
https://dejon.name,20
https://rigoberto.net,22
http://megane.biz,23
http://emmalee.org,23
http://nathan.net,23
http://lionel.net,23
http://danyka.net,23
https://woodrow.com,23
http://harvey.info,23
http://aiden.org,23
https://tito.name,23
https://julian.net,23
https://mafalda.org,23
http://verner.org,23
https://elmore.org,26
http://kasandra.com,26
https://jarret.info,26
http://einar.net,26
http://terry.info,26
https://holden.com,27
https://jacinto.org,28
https://geoffrey.info,28
http://paxton.com,28
https://trinity.biz,28
http://fabiola.org,29
https://bryce.org,29
http://emery.net,29
https://marian.biz,29
https://kennedi.org,29
https://fanny.net,29
http://lottie.net,29
http://lacy.biz,29
https://jensen.name,30
http://virginia.org,30
https://ariel.net,31
http://roger.info,32
https://carolanne.com,32
https://margarita.info,32
https://kayden.biz,32
https://brook.com,33
https://gust.net,33
http://bridie.name,33
http://barton.name,33
https://karina.biz,33
https://mariam.com,35
https://trycia.com,35
https://everette.biz,37
http://boris.biz,38
http://arthur.name,38
https://cesar.com,39
http://charlie.com,40
https://lina.biz,42
https://darwin.net,42
https://aliyah.biz,42
http://euna.info,43
https://maymie.net,43
http://joanie.name,43
http://whitney.net,43
http://garrison.name,43
https://olga.org,44
https://donavon.org,44
http://moses.biz,44
http://shannon.org,44
http://kendrick.net,46
https://carey.com,46
http://lia.biz,46
https://celestine.name,46
http://laila.info,47
http://buddy.com,47
http://americo.biz,47
http://lurline.info,47
http://kailee.org,47
https://edyth.com,48
https://isaias.biz,50
http://rosetta.net,50
https://marianna.info,50
https://roel.org,51
http://julia.info,51
https://seamus.org,51
https://earline.info,51
http://quinten.info,51
https://dolores.org,52
https://aimee.info,52
https://roderick.name,52
https://jarret.name,52
https://cathrine.com,52
https://adela.com,55
https://demarco.com,56
https://lila.biz,58
http://ruben.net,58
https://alia.name,58
http://rickey.name,58
http://janie.com,58
http://myron.org,58
http://pearl.info,58
http://victoria.biz,58
https://carmella.com,59
http://leo.com,59
http://jedediah.net,59
http://sedrick.net,59
https://clare.org,59
https://malcolm.name,59
https://lesly.com,59
https://roberta.net,59
https://estell.info,59
http://kaleigh.biz,59
http://blanca.org,60
http://delpha.com,60
http://annabelle.org,61
http://ephraim.com,62
https://dameon.name,62
https://julianne.org,63
https://jasmin.biz,63
https://delbert.net,63
https://norval.com,63
https://jessy.name,64
https://nolan.name,64
http://devon.info,64
http://ora.net,64
https://vivien.com,64
https://hilda.info,65
https://dorcas.biz,65
http://hettie.net,65
http://rico.biz,65
http://jody.biz,65
http://sheila.com,67
http://germaine.name,67
https://mariane.org,67
http://reva.com,69
https://llewellyn.info,70
http://ellen.info,72
https://anahi.info,72
https://javonte.org,72
http://florine.org,72
http://marcellus.info,72
http://stan.biz,73
http://jarred.net,77
http://jovanny.net,77
http://linnie.com,77
http://dino.name,77
https://jane.net,77
http://laney.name,77
http://trever.org,78
http://emilie.net,78
http://ted.info,78
http://keshawn.org,78
http://ole.info,78
https://ford.biz,79
https://humberto.org,82
http://penelope.info,82
https://dimitri.info,84
http://cynthia.info,84
http://princess.org,85
https://ruthie.info,85
https://evan.name,86
http://deontae.org,86
https://timmy.info,86
http://susie.info,86
http://hollis.com,86
https://colt.org,86
http://lucio.org,86
http://germaine.org,86
http://howard.net,86
http://helena.name,87
https://celestino.name,87
http://violet.info,87
http://nigel.biz,87
https://noble.net,88
https://emilia.org,88
http://destini.net,88
https://mariano.net,88
https://brittany.org,88
https://madaline.name,88
https://devonte.name,88
https://blanche.net,88
http://cali.net,88
http://mekhi.name,88
http://adela.com,88
https://devan.com,92
https://jarrett.name,92
https://sid.biz,92
https://jadyn.name,93
https://erik.com,93
http://freeda.biz,94
http://ayden.name,95
https://kathleen.biz,95
https://helmer.org,96
https://maggie.info,96
https://cecilia.net,96
http://ayla.org,97
https://elyssa.biz,97
http://jennie.com,98
http://ryleigh.info,99
https://darien.name,99
https://xzavier.org,99
https://kaela.name,100
http://dedrick.info,100